	x	y1	y2	GMM_pred	GMM_label	filter_distr	smoother	alpha	gamma	filter_label	smoother_label	alpha_label	gamma_label
0	0.0	-2.60291280302964	0.9212798722730527	[0.315 0.    0.685]	2	[0.7861657926147154, 3.3485009994438966e-06, 0.21383085888428527]	[0.7025287074728936, 2.434639254323331e-06, 0.29746885788785093]	[0.03449471570602777, 1.4692268615886486e-07, 0.009382289023104335]	[1.6543288134194968e+32, 5.733137771974462e+26, 7.004856847331739e+31]	0	0	0	0
1	2.0	-2.2577818456540615	1.146484601114591	[0.254 0.    0.746]	2	[0.4415493321363579, 2.8340054647916092e-05, 0.5584223278089941]	[0.2796669168721333, 1.6870999605382574e-05, 0.7203162121282602]	[0.08525037930907736, 5.471643217498347e-06, 0.10781516762813999]	[6.585653138731227e+31, 3.9728171192848e+27, 1.696215189246127e+32]	2	2	2	2
2	2.0	-0.8825247643024717	2.0609793342283225	[0.09  0.016 0.894]	2	[0.10572424864399595, 0.011511618875434474, 0.8827641324805696]	[0.04936594587244898, 0.00537243617314804, 0.945261617954402]	[0.05155733893749378, 0.005613739929035015, 0.4304875197876191]	[1.1624792807723187e+31, 1.2651121391845617e+30, 2.2259211818213646e+32]	2	2	2	2
3	2.0	-1.2132988906921005	4.583959377812649	[0.008 0.012 0.98 ]	2	[0.0044223157434031095, 0.006576421208125361, 0.9890012630484715]	[0.001922706216741582, 0.002846366971519401, 0.9952309268117381]	[0.001247878743404386, 0.0018557191999543237, 0.27907407000490586]	[4.527627498010987e+29, 6.702682530210797e+29, 2.3435899212622197e+32]	2	2	2	2
4	2.0	-3.1792064546944685	5.345801933345054	[0.006 0.    0.994]	2	[0.002207254175553496, 2.6330005991695237e-06, 0.9977901128238473]	[0.0009998507873310207, 1.1584317818516603e-06, 0.9989989907808863]	[0.00014920086230713262, 1.779794842851657e-07, 0.0674463081251247]	[2.3544688622787657e+29, 2.7278985964741273e+26, 2.3524630345295663e+32]	2	2	2	2
5	2.0	-1.8127966843291363	3.8223674668035006	[0.02  0.001 0.979]	2	[0.007716988808610988, 0.0003656424658570456, 0.9919173687255319]	[0.00666599560464968, 0.0002269194222488282, 0.9931070849731006]	[0.0012139108218725799, 5.751690941222637e-05, 0.1560322631225933]	[1.569722131152224e+30, 5.343544463842792e+28, 2.338588655532535e+32]	2	2	2	2
6	2.0	-1.867952405338672	1.8652920731090876	[0.131 0.    0.869]	2	[0.05582607641161165, 0.0001258282253258191, 0.9440480953630624]	[0.12453844924355449, 0.00015151050849582232, 0.8753100402479487]	[0.05201729905020033, 0.00011724349706166585, 0.8796396818612598]	[2.932656598522602e+31, 3.5678001065906504e+28, 2.0611977914275216e+32]	2	2	2	2
7	2.0	-2.2549422545338844	-0.6750801693650361	[0.686 0.    0.314]	0	[0.5007056863816407, 5.117527267617421e-06, 0.49928919609109185]	[0.5994090206555595, 1.0201588862938015e-05, 0.4005807777555766]	[0.747568968588025, 7.64062539177531e-06, 0.7454541050777403]	[1.411500488657703e+32, 2.40229078457537e+27, 9.432957197248926e+31]	0	0	0	0
8	1.0	0.9901437467142429	4.927768654590457	[0.    0.992 0.008]	1	[5.1980778956370666e-05, 0.9894308486166141, 0.010517170604429494]	[3.138933325399776e-05, 0.9957336285055921, 0.0042349821611529295]	[1.4372899443704221e-05, 0.27358170422189554, 0.0029080409829299204]	[7.39162369932318e+27, 2.3447736933812108e+32, 9.972621672237045e+29]	1	1	1	1
9	1.0	2.221253660309612	2.038977464688372	[0. 1. 0.]	1	[6.661618815169999e-06, 0.9999237474163861, 6.95909647987093e-05]	[1.1746333779958766e-05, 0.9999232575795628, 6.499608665627544e-05]	[7.239236828085924e-06, 1.0866254912530096, 7.562508291912698e-05]	[2.766050442853724e+27, 2.354639516686199e+32, 1.5305409981290423e+28]	1	1	1	1
10	0.0	-2.8486605283225526	-0.5329349224606458	[0.681 0.    0.319]	0	[0.7911421894022269, 1.104127336336991e-06, 0.20885670647043678]	[0.7632645106035252, 7.690997610185431e-07, 0.2367347202967129]	[1.0854223770894345, 1.51482822439522e-06, 0.28654487884093327]	[1.79735071139518e+32, 1.8110916771271104e+26, 5.5746770880358415e+31]	0	0	0	0
11	2.0	-2.4853943937798872	1.5549796577857335	[0.19 0.   0.81]	2	[0.35534619545866103, 1.537139569716536e-05, 0.6446384331456417]	[0.4524072181223289, 3.2612471713396045e-05, 0.5475601694059568]	[1.9423971871422328, 8.402328812353262e-05, 3.5237295214309903]	[1.0653376700162885e+32, 7.679650818309233e+27, 1.2894057647659697e+32]	2	2	2	2
12	1.0	1.8046463731237117	4.179582296967311	[0. 1. 0.]	1	[4.085178100535807e-06, 0.9993809380063351, 0.0006149768155643012]	[6.660898750779993e-06, 0.9992695640852736, 0.000723775015974805]	[1.3028452597236496e-05, 3.187226323300212, 0.001961284451448538]	[1.568521913691397e+27, 2.353100186020785e+32, 1.7043600505200347e+29]	1	1	1	1
13	0.0	-2.722815786321593	1.357698045568989	[0.232 0.    0.768]	2	[0.348851393459181, 1.2433711974455393e-05, 0.6511361728288445]	[0.6304286264205813, 1.1580303105020035e-05, 0.36955979327631294]	[2.7393304702376273, 9.763482877923335e-05, 5.112999953410463]	[1.48454608387983e+32, 2.7269532036176727e+27, 8.70246877878576e+31]	2	0	2	0
14	0.0	-2.379086188589224	-2.715366498943008	[0.947 0.    0.053]	0	[0.9458915149250671, 2.0067107082722603e-07, 0.05410828440386207]	[0.8961834326465532, 1.8280860718732076e-07, 0.10381638454483882]	[1.6644114464572082, 3.531052155427351e-07, 0.09521012345383438]	[2.1103508781434206e+32, 4.304814066587305e+25, 2.444689226656151e+31]	0	0	0	0
15	2.0	-0.695061704287194	2.5422925576834583	[0.054 0.041 0.905]	2	[0.1508036852679228, 0.053301429426287676, 0.7958948853057896]	[0.11029190097734683, 0.03095606153207402, 0.8587520374905784]	[0.3152492838901078, 0.11142458108436225, 1.6637875407267604]	[2.597175997689387e+31, 7.289595997679977e+30, 2.0222066715447042e+32]	2	2	2	2
16	2.0	-2.1687707321554486	1.010085245105072	[0.278 0.    0.722]	2	[0.1996449547653875, 2.856720515205673e-05, 0.8003264780294604]	[0.11338012870784439, 1.4745070675741025e-05, 0.886605126221479]	[1.9758601020880977, 0.00028272590687025115, 7.920726864555127]	[2.6698982090754647e+31, 3.4721990739042445e+27, 2.0877956883921576e+32]	2	2	2	2
17	2.0	-1.6126531137218807	2.25233772169554	[0.088 0.001 0.911]	2	[0.062216744509712464, 0.0005103221574456991, 0.9372729333328418]	[0.04157750693217839, 0.00027555692240791984, 0.9581469361454129]	[2.9850743780521967, 0.024484559723398417, 44.969074492429144]	[9.790755449051235e+30, 6.488870157583007e+28, 2.256263789784173e+32]	2	2	2	2
18	2.0	-1.6569612570628807	2.2552965918732104	[0.088 0.001 0.911]	2	[0.04355667923145728, 0.000374951203657687, 0.9560683695648851]	[0.07637403185993213, 0.00037618824385597053, 0.9232497798962113]	[10.996305244016973, 0.094660060403635, 241.36871339567827]	[1.7984711536898914e+31, 8.858556874056628e+28, 2.1740872602340486e+32]	2	2	2	2
19	2.0	-1.97088528239946	-0.3702381101900256	[0.601 0.    0.399]	0	[0.40008281064618934, 2.1919851333347007e-05, 0.5998952695024774]	[0.42423005153772, 1.5275913182151077e-05, 0.5757546725490973]	[224.04705473434367, 0.01227515404503133, 335.94237169053343]	[9.989855080824109e+31, 3.597202941276576e+27, 1.3557987511786197e+32]	2	2	2	2
20	2.0	-3.5960835901205663	0.19182365630668352	[0.542 0.    0.458]	0	[0.5628310747560422, 3.921722436239523e-08, 0.4371688860267335]	[0.3998518877389222, 2.5184667703183913e-08, 0.6001480870764095]	[278.7742050437545, 1.9424568109335588e-05, 216.53283576211783]	[9.415793147672896e+31, 5.930536502578453e+24, 1.4132408572177886e+32]	0	2	0	2
21	2.0	-1.8999230076540912	1.996960427166176	[0.117 0.    0.883]	2	[0.16702692186269733, 0.00019243221532115455, 0.8327806459219815]	[0.09184115613923845, 9.717961000483141e-05, 0.9080616642507562]	[381.11863605926027, 0.4390879183976595, 1900.2219544657648]	[2.1626941254178333e+31, 2.288405117082922e+28, 2.1383219782369515e+32]	2	2	2	2
22	2.0	-1.2809374403534484	2.162758563223648	[0.09  0.003 0.907]	2	[0.05872554287924597, 0.0018432595772215734, 0.9394311975435324]	[0.034311711849243684, 0.0009306822680601349, 0.9647576058826955]	[552.830159844389, 17.35206584305972, 8843.611717114281]	[8.07979132328071e+30, 2.1915894337312818e+29, 2.2718307286239048e+32]	2	2	2	2
23	2.0	-1.2025870928087428	1.5277043724471313	[0.156 0.003 0.84 ]	2	[0.07944434922913375, 0.0017090028072593627, 0.9188466479636069]	[0.04724560536309449, 0.0008779875708540079, 0.9518764070660509]	[3169.796786884778, 68.1885075501532, 36661.60250056904]	[1.1125490734857924e+31, 2.0675028946685714e+29, 2.2414978210471958e+32]	2	2	2	2
24	2.0	-0.9269814259506205	1.2586977724097947	[0.186 0.008 0.805]	2	[0.10234134338934515, 0.004685733167865095, 0.8929729234427898]	[0.051531458548060564, 0.0022455123641130946, 0.9462230290878257]	[12985.865683501224, 594.5622710377455, 113307.35027305457]	[1.2134732113687793e+31, 5.28777794462635e+29, 2.228185132208939e+32]	2	2	2	2
25	2.0	-1.1492851080460849	2.8422362820507887	[0.046 0.008 0.947]	2	[0.024865890278100454, 0.004047663907687071, 0.9710864458142124]	[0.017316063981701133, 0.0022224509136785616, 0.9804614851046196]	[9296.470762142015, 1513.2773752295707, 363054.63629327464]	[4.0776217790429606e+30, 5.23347237458021e+29, 2.3088105411254335e+32]	2	2	2	2
26	2.0	-1.4940434034663763	1.0660089802792676	[0.24  0.001 0.759]	2	[0.11664307035605788, 0.0004009777017803338, 0.8829559519421618]	[0.07956347516990098, 0.00022064071221689841, 0.9202158841178815]	[203532.69153888774, 699.6735480410839, 1540686.4793638869]	[1.873576810018578e+31, 5.1956921297468525e+28, 2.166942981075611e+32]	2	2	2	2
27	2.0	-3.1641485465325125	1.255351141910907	[0.268 0.    0.732]	2	[0.16807685793438493, 4.898665599061394e-07, 0.8319226521990551]	[0.08902323218708737, 2.429080664272256e-07, 0.9109765249048457]	[744142.9457946924, 2.1688336479801094, 3683251.702161251]	[2.096337082090201e+31, 5.720048291664741e+25, 2.1451859510765943e+32]	2	2	2	2
28	2.0	-2.7114762340251657	3.4305053367441767	[0.035 0.    0.965]	2	[0.022498056805868347, 9.377203977691134e-06, 0.9774925659901539]	[0.025420351999150954, 6.90827156994733e-06, 0.9745727397292786]	[266205.06236992945, 110.95443447745674, 11566041.980464632]	[5.986035917412516e+30, 1.6267737656160576e+27, 2.294943604378662e+32]	2	2	2	2
29	2.0	-1.4683917443115837	-0.14184703058979187	[0.519 0.    0.481]	0	[0.3076159666968383, 0.00021088531022749168, 0.6921731479929342]	[0.209952926347637, 0.00017315288971021494, 0.7898739207626523]	[8902202.370262787, 6102.881227914086, 20031032.53989282]	[4.944013985820482e+31, 4.077439277960171e+28, 1.8600110887805994e+32]	2	2	2	2
30	2.0	-0.09804468631756125	3.0507951634564	[0.019 0.384 0.597]	2	[0.019375337169740825, 0.28602776031748184, 0.6945969025127775]	[0.0151423540996189, 0.17809056347254498, 0.8067670824278357]	[367452.64179754176, 5424507.209104668, 13173007.756030899]	[3.56575217831464e+30, 4.1937126186706385e+31, 1.8997914476402335e+32]	2	2	2	2
31	2.0	-2.615584174892456	1.2894688688193925	[0.24 0.   0.76]	2	[0.16408866684260576, 7.193555350773363e-06, 0.8359041396020436]	[0.10679041561060873, 3.90645530125135e-06, 0.8932056779340896]	[12104953.697784595, 530.6743976845596, 61665324.60998646]	[2.514722311877764e+31, 9.198999976018492e+26, 2.1033388011026912e+32]	2	2	2	2
32	2.0	-2.1033602214859246	3.1779350367925407	[0.04 0.   0.96]	2	[0.025368769247750056, 0.0001004758772985895, 0.9745307548749513]	[0.0805160692712454, 0.0001631016728825403, 0.9193208290558716]	[6991879.9202014, 27692.130512438376, 268590168.8838608]	[1.8960086886391164e+31, 3.8407511906112207e+28, 2.1648352873074708e+32]	2	2	2	2
33	0.0	-1.0188012903815546	-2.375767025871873	[0.906 0.    0.094]	0	[0.7999272360782026, 0.00015384082535801441, 0.19991892309643935]	[0.8344840738138821, 0.0002563232564479372, 0.16525960292966957]	[44300474.32222103, 8519.801834595539, 11071635.918512546]	[1.9650599797065984e+32, 6.035951900338512e+28, 3.8915665639381144e+31]	0	0	0	0
34	1.0	0.655630063451448	2.3552067714686475	[0.005 0.909 0.087]	1	[0.009664833690131103, 0.9163042702520111, 0.07403089605785766]	[0.012776000859118987, 0.8827866205374084, 0.10443737860347224]	[537047.0846360304, 50916399.88392937, 4113684.536699581]	[3.008518529803749e+30, 2.0788037939540096e+32, 2.459312520383963e+31]	1	1	1	1
35	2.0	-0.41309250931559527	0.4800337372168133	[0.303 0.041 0.656]	2	[0.388178715849217, 0.07692213375771999, 0.5348991503930631]	[0.3749465539309037, 0.0642523420144982, 0.5608011040545977]	[21187710.04134348, 4198591.523119692, 29196057.47856476]	[8.829317308491259e+31, 1.513027148835334e+31, 1.3205857855577844e+32]	2	2	2	2
36	0.0	-0.0065245292620113035	0.7220625500943174	[0.196 0.213 0.591]	2	[0.2294883356789074, 0.17529694636728466, 0.5952147179538079]	[0.25753092740610467, 0.12985676395582746, 0.6126123086380675]	[9886751.708804347, 7552093.569016321, 25642872.49034323]	[6.064390380388862e+31, 3.0578933493309025e+31, 1.4425918583184676e+32]	2	2	2	2
37	0.0	-2.985436149233253	-0.03582126179837476	[0.569 0.    0.431]	0	[0.5492937953647006, 5.131822540225743e-07, 0.4507056914530454]	[0.35543312274376737, 3.2255271166772346e-07, 0.6445665547035204]	[39570295.32819973, 36.968874435186194, 32468157.23643176]	[8.369811083077634e+31, 7.595536510927489e+25, 1.5178383634290292e+32]	0	2	0	2
38	2.0	-1.631206301659211	3.1647958877573856	[0.037 0.001 0.962]	2	[0.05311195825801801, 0.0010368014592661505, 0.9458512402827158]	[0.02503350837005414, 0.0004714425584195384, 0.9744950490715258]	[9965701.227877293, 194541.00196190397, 177475490.9409073]	[5.894941196998219e+30, 1.1101624744576565e+29, 2.2947606568460045e+32]	2	2	2	2
39	2.0	-2.1676103532157325	3.2374922793306258	[0.038 0.    0.962]	2	[0.017727365915928203, 7.092712740872283e-05, 0.9822017069566631]	[0.009665541185377305, 3.423808623129651e-05, 0.9903002207283909]	[12707975.209124517, 50844.56320465543, 704097551.8618957]	[2.2760611929697507e+30, 8.062453813812388e+27, 2.331978994822609e+32]	2	2	2	2
40	2.0	-1.2926740350691777	1.553833578144408	[0.155 0.002 0.842]	2	[0.06949111151206167, 0.0011532128940105382, 0.9293556755939278]	[0.03319654768059602, 0.0005301688305195746, 0.966273283488884]	[229337472.8260699, 3805881.42840268, 3067098472.878534]	[7.817190208726541e+30, 1.2484522881070896e+29, 2.275399876915072e+32]	2	2	2	2
41	2.0	-2.668820866759651	3.1236560415286054	[0.047 0.    0.953]	2	[0.023092053793650827, 8.863093684694974e-06, 0.9768990831126645]	[0.010875236751415815, 3.990423563185565e-06, 0.9891207728250204]	[264990181.60491854, 101707.4022984688, 11210291979.957169]	[2.5609227522307344e+30, 9.396730138007476e+26, 2.3292016070379992e+32]	2	2	2	2
42	2.0	-2.6442533161030526	3.232969844741576	[0.042 0.    0.958]	2	[0.01776322923515128, 9.7764703634242e-06, 0.9822269942944853]	[0.011081676464471828, 5.046687093161362e-06, 0.9889132768484346]	[693070775.8756523, 381450.11869211664, 38323708826.23985]	[2.609535593515344e+30, 1.1884040867968748e+27, 2.328712991314423e+32]	2	2	2	2
43	2.0	-2.083682144444821	2.187521486341759	[0.102 0.    0.898]	2	[0.044002160264544676, 6.085314353321755e-05, 0.9559369865919222]	[0.05671799708021142, 4.8933988202994776e-05, 0.9432330689315851]	[9994870737.926756, 13822487.349583464, 217136307789.1456]	[1.3356068700275427e+31, 1.1523074541814011e+28, 2.2211443135422725e+32]	2	2	2	2
44	2.0	-1.9446315300816033	0.5774320026091595	[0.363 0.    0.637]	2	[0.20156669243601746, 4.7799991824244534e-05, 0.7983855075721582]	[0.27450129563205483, 0.00010847982746344317, 0.7253902245404812]	[190854811587.05728, 45259751.61484035, 755956818956.5319]	[6.464012044698023e+31, 2.5545049239781295e+28, 1.7081635763282448e+32]	2	2	2	2
45	1.0	1.429549031730199	5.333389470285081	[0.    0.999 0.001]	1	[3.254169096947079e-06, 0.997891449708815, 0.0021052961220878966]	[1.9551960252953577e-06, 0.9991544408156834, 0.0008436039882907684]	[333498.22683513915, 102267282104.07083, 215757848.70488143]	[4.6041351565041734e+26, 2.352829091416464e+32, 1.9865357388244105e+29]	1	1	1	1
46	1.0	1.9200724262329825	1.8203574335895387	[0.    0.999 0.001]	1	[3.306003492477822e-05, 0.9997110474396562, 0.00025589252541915043]	[1.983934614297804e-05, 0.9998777860268813, 0.00010237462697520563]	[13565618.952337213, 410214301432.69165, 105001113.89736369]	[4.6718093673058785e+27, 2.3545324393539998e+32, 2.410738427720269e+28]	1	1	1	1
47	1.0	3.362815107016289	2.2213797104679007	[0. 1. 0.]	1	[3.8480570331808144e-08, 0.9999993615897381, 5.999296915167613e-07]	[4.898392237721873e-08, 0.9999988515311546, 1.0994849225789766e-06]	[23796.298570446, 618397367124.643, 370995.1785409935]	[1.1534833142183544e+25, 2.3548175268527744e+32, 2.5890893396877833e+26]	1	1	1	1
48	2.0	-2.3826077807469734	2.2592839650875303	[0.101 0.    0.899]	2	[0.1662449534402428, 9.232445988752539e-05, 0.8336627220998697]	[0.27298694012676805, 8.603190839015536e-05, 0.7269270279648414]	[276836376446.23975, 153741622.85056016, 1388241642158.4429]	[6.428351694885873e+31, 2.025896784136641e+28, 1.7117824721234446e+32]	2	2	2	2
49	0.0	-2.0515075823637914	-0.13172841503436408	[0.546 0.    0.454]	0	[0.4314228786427821, 1.8809347823733478e-05, 0.5685583120093941]	[0.5322853797622901, 3.8674858397254376e-05, 0.46767594537931234]	[2013628313919.4631, 87790975.44242589, 2653695879036.4014]	[1.2534363810843592e+32, 9.10723389961478e+27, 1.1012927778670903e+32]	2	0	2	0
50	1.0	2.447966139940585	0.0061173152704234735	[0. 1. 0.]	1	[0.00010838064769925964, 0.9996676200958711, 0.00022399925642970877]	[6.50411455567349e-05, 0.9998453344050848, 8.96244493580899e-05]	[358322018.44581044, 3305045015062.4, 740573777.6819193]	[1.5316020542330598e+28, 2.3544560216184557e+32, 2.1104946656669612e+28]	1	1	1	1
51	1.0	2.6962593336113807	1.6182401395795836	[0. 1. 0.]	1	[1.585315418565139e-06, 0.9999867586003487, 1.1656084232585896e-05]	[2.0994831556827314e-06, 0.9999776404420846, 2.0260074759461658e-05]	[16448129.208995206, 10375166493762.96, 120935415.9325783]	[4.9439054102552046e+26, 2.3547675785511042e+32, 4.7708833931037235e+27]	1	1	1	1
52	2.0	-1.7677308739457505	0.5154266709061424	[0.37 0.   0.63]	2	[0.510225444693257, 0.0003272283448493914, 0.4894473269618936]	[0.3244192162018011, 0.00019991946324514256, 0.6753808643349535]	[15132158573450.613, 9704869201.428541, 14515925542269.97]	[7.639489337313903e+31, 4.7077439667838845e+28, 1.5904005231623765e+32]	0	2	0	2
53	2.0	-2.662716536131854	3.063057592211909	[0.05 0.   0.95]	2	[0.06646695353010827, 1.3904196129353372e-05, 0.9335191422737624]	[0.031501185151209136, 6.387848633218888e-06, 0.9684924270001573]	[5472377941106.179, 1144764610.771884, 76858789074260.95]	[7.417962810369349e+30, 1.5042235195924862e+27, 2.2806255609515556e+32]	2	2	2	2
54	2.0	-1.3534612270009343	3.419564041832976	[0.027 0.004 0.969]	2	[0.013016713250050788, 0.002151645540706088, 0.9848316412092432]	[0.009417264435822161, 0.001223698453709367, 0.9893590371104681]	[2618166801678.296, 432779520869.74384, 198087908884858.47]	[2.217596481688603e+30, 2.8815898757936523e+29, 2.3297626765977644e+32]	2	2	2	2
55	2.0	-0.7155411529087292	1.0451088053608464	[0.212 0.018 0.77 ]	2	[0.09836184190384878, 0.009477773840555133, 0.8921603842555962]	[0.0835861901612093, 0.005865649879714589, 0.9105481599590759]	[48364545139840.445, 4660224044856.885, 438675510148400.44]	[1.9683045164810607e+31, 1.3812551006418277e+30, 2.14417722863592e+32]	2	2	2	2
56	2.0	-2.3304139705182054	1.1938626914865085	[0.248 0.    0.752]	2	[0.14844575733973692, 1.4675523488792287e-05, 0.8515395671367743]	[0.15062429117914106, 2.2526613704423588e-05, 0.8493531822071543]	[356542501718238.6, 35248214246.66017, 2045259177627835.0]	[3.546931281924244e+31, 5.304612569364127e+27, 2.0000740569723265e+32]	2	2	2	2
57	1.0	-0.032495265863349054	3.492079242561225	[0.01  0.497 0.494]	1	[0.00765141868471628, 0.34798214576000974, 0.6443664355552741]	[0.007521616157671989, 0.5701135057985025, 0.4223648780438253]	[8646075115295.101, 393218551356032.1, 728131714281224.6]	[1.771205390008711e+30, 1.3425148175862365e+32, 9.945933598041214e+31]	2	1	2	1
58	1.0	1.9321458385229788	3.8114677954246785	[0. 1. 0.]	1	[2.0503319024309187e-06, 0.9996700965788964, 0.000327853089201281]	[1.2305034923721449e-06, 0.9998675661562404, 0.0001312033402668608]	[2511982937.5996127, 1224754988622800.8, 401672219574.06464]	[2.897614518511475e+26, 2.3545083733958536e+32, 3.089602800732882e+28]	1	1	1	1
59	1.0	2.433307064893209	1.77110313129853	[0. 1. 0.]	1	[3.932143781240164e-06, 0.9999640323363959, 3.2035519822884384e-05]	[5.128300914004537e-06, 0.9999380013577255, 5.687034136005241e-05]	[17712258442.61702, 4504316820398057.0, 144303321041.72168]	[1.2076226744443169e+27, 2.3546742356333057e+32, 1.3391943039504523e+28]	1	1	1	1
60	2.0	-2.036791239913433	1.1069985590419669	[0.253 0.    0.747]	2	[0.37578504999764606, 0.000177115909994562, 0.6240378340923595]	[0.30426674809146237, 0.00011162063426144807, 0.6956216312742757]	[5369970489547379.0, 2530987355420.566, 8917504178141264.0]	[7.164934941147297e+31, 2.628465277883295e+28, 1.6380638906479274e+32]	2	2	2	2
61	2.0	-1.2438967427815275	1.6983845082976552	[0.136 0.003 0.861]	2	[0.1396246352591821, 0.0020467487703966047, 0.8583286159704213]	[0.19518396602687715, 0.004768445336904784, 0.8000475886362175]	[7750261053222767.0, 113610590648925.0, 4.764396219101088e+16]	[4.596231520235976e+31, 1.1228831551145979e+30, 1.883968247715702e+32]	2	2	2	2
62	1.0	2.635917698827662	0.9163016092400856	[0. 1. 0.]	1	[9.262648661152915e-06, 0.9998915635345011, 9.917381683761538e-05]	[1.0205852948911872e-05, 0.9997772347418542, 0.00021255940519639317]	[579571180696.0239, 6.256399818726939e+16, 6205383386694.674]	[2.4032949001672938e+27, 2.3542956591537362e+32, 5.005391877075303e+28]	1	1	1	1
63	2.0	-1.575172792059554	1.945574411509102	[0.116 0.001 0.883]	2	[0.18849252498280897, 0.00212847603455256, 0.8093789989826385]	[0.10236937378696317, 0.0010758635698079892, 0.8965547626432283]	[3.2431188531915484e+16, 366216154028036.6, 1.3925816375038195e+17]	[2.4106147245807482e+31, 2.5334653002922147e+29, 2.111225293532078e+32]	2	2	2	2
64	2.0	-1.7154170730919915	3.308798047468996	[0.032 0.001 0.967]	2	[0.021976214862508784, 0.0005342095988157613, 0.9774895755386754]	[0.029815640431309826, 0.0004460946829913173, 0.9697382648856984]	[1.1691149846236686e+16, 284194730900081.25, 5.200157157296897e+17]	[7.021047329652979e+30, 1.0504727845790522e+29, 2.283559285209336e+32]	2	2	2	2
65	2.0	-3.1388895284383875	0.14934806823612967	[0.53 0.   0.47]	0	[0.3168733860727732, 2.564496426147521e-07, 0.6831263574775842]	[0.27816975187396487, 3.073492205671051e-07, 0.7218299407768141]	[2.404792469537667e+17, 194622898760.5631, 5.1843328989059046e+17]	[6.550397594458562e+31, 7.237521626627689e+25, 1.699779748092426e+32]	2	2	2	2
66	2.0	-0.17881865511578776	2.932318244055348	[0.024 0.298 0.677]	2	[0.024790627684157428, 0.2162912939819582, 0.7589180783338844]	[0.027815040267435146, 0.40445591944437115, 0.5677290402881932]	[1.4313224581020028e+16, 1.248788818550809e+17, 4.3817224122690566e+17]	[6.549941955591473e+30, 9.524209817727844e+31, 1.336899829961746e+32]	2	2	2	2
67	1.0	2.1307090753065014	3.0921852267687786	[0. 1. 0.]	1	[2.6287966420044677e-06, 0.9997558536871858, 0.00024151751617208312]	[1.5776026014860128e-06, 0.9999017750035519, 9.664739384595961e-05]	[2375279223245.217, 9.033408174815076e+17, 218225909546168.97]	[3.7149705229157026e+26, 2.3545889290815926e+32, 2.2758723832996146e+28]	1	1	1	1
68	1.0	2.08558182764281	1.8356631433023585	[0. 1. 0.]	1	[1.5912269136740458e-05, 0.9998551273315798, 0.00012896039928356518]	[9.707928496289737e-06, 0.9999344794323228, 5.5812639180377314e-05]	[57840456208094.625, 3.6344330409376e+18, 468765847487884.6]	[2.2860426426984104e+27, 2.3546659421321152e+32, 1.3142873190366637e+28]	1	1	1	1
69	1.0	0.9840116367304909	1.8811500417117604	[0.002 0.968 0.029]	1	[0.0016529798618760627, 0.987141798269324, 0.011205221868799952]	[0.0023675839319908703, 0.980808595704911, 0.01682382036309772]	[1.4363107615847858e+16, 8.577493415165967e+18, 9.73646511206515e+16]	[5.575234542330285e+29, 2.3096279241894967e+32, 3.9617072558618707e+30]	1	1	1	1
70	2.0	-1.4227822803428265	1.095299531916202	[0.232 0.001 0.767]	2	[0.34464163049772356, 0.0022118857412437307, 0.6531464837610327]	[0.4388782425768783, 0.004690598151513779, 0.5564311592716075]	[8.186550887325789e+18, 5.254070772440166e+16, 1.5514715730846456e+19]	[1.0334793646932293e+32, 1.1045515424038223e+30, 1.3102953511731786e+32]	2	2	2	2
71	1.0	1.4351418085538277	2.179364617391167	[0.    0.996 0.004]	1	[0.0003401992754787948, 0.9933619010581629, 0.006297899666358321]	[0.00021721976372828124, 0.996251294376317, 0.0035314858599543903]	[1.3226795074305906e+16, 3.8621464673690165e+19, 2.448595111445302e+17]	[5.115134942634873e+28, 2.3459927034466456e+32, 8.316014349536738e+29]	1	1	1	1
72	1.0	0.04810028660586019	3.9328883280349145	[0.005 0.623 0.372]	1	[0.004007575535969294, 0.8118795079683818, 0.184112916495649]	[0.0027084538634762094, 0.9142003999700111, 0.0830911461665123]	[6.295426195941592e+16, 1.275366484433865e+19, 2.8921957106357484e+18]	[6.377921953230549e+29, 2.1527775973032004e+32, 1.9566471203401469e+31]	1	1	1	1
73	1.0	1.9930682890030476	1.9698764398243545	[0.    0.999 0.   ]	1	[2.0053133326813073e-05, 0.999730280556398, 0.0002496663102751557]	[2.0405042896031273e-05, 0.9994054297664963, 0.0005741651906073935]	[1135624605679351.5, 5.661550677093095e+19, 1.4138798188637066e+16]	[4.805020783192385e+27, 2.3534201252756682e+32, 1.3520558069450255e+29]	1	1	1	1
74	2.0	-2.71837971519832	4.075912778189487	[0.018 0.    0.982]	2	[0.032356771353443205, 5.709854356548439e-05, 0.9675861301029913]	[0.01788334702885104, 2.8559510483012045e-05, 0.9820880934606656]	[1.3754927715168748e+18, 2427270418317171.0, 4.1132278410559775e+19]	[4.211206738672632e+30, 6.725251308114835e+27, 2.312640911390638e+32]	2	2	2	2
75	2.0	-0.972828226974456	2.9300205494811884	[0.04  0.016 0.944]	2	[0.017607309550224166, 0.00794710383905338, 0.9744455866107224]	[0.033400234585668695, 0.008509636493153533, 0.9580901289211774]	[1.81981352498301e+18, 8.213774517623345e+17, 1.0071437960557806e+20]	[7.865154813217952e+30, 2.0038664175005417e+30, 2.2561300189832604e+32]	2	2	2	2
76	2.0	-1.611730575298804	-0.12412144085031505	[0.522 0.    0.478]	0	[0.3090520847616494, 0.00011941754027469035, 0.6908284976980759]	[0.43823772921618215, 9.801669595741601e-05, 0.56166425408786]	[8.251709529674754e+19, 3.188455615353481e+16, 1.8445163061179548e+20]	[1.0319710708730502e+32, 2.308116986447677e+28, 1.3226183487187507e+32]	2	2	2	2
77	0.0	-0.7305752311514954	-1.0882907909213824	[0.707 0.003 0.29 ]	0	[0.6836712098943138, 0.0018113141678427133, 0.31451747593784346]	[0.5765481183403907, 0.0012556852759748067, 0.4221961963836341]	[1.5630228052097614e+20, 4.141062707869994e+17, 7.190561492326935e+19]	[1.3576671733803902e+32, 2.9569130919990017e+29, 9.941961448180565e+31]	0	0	0	0
78	2.0	-2.7661460657549943	2.4123084191556305	[0.094 0.    0.906]	2	[0.16554542967060304, 7.789789123251428e-06, 0.8344467805402737]	[0.2290838273893652, 1.7958111306727225e-05, 0.7708982144993277]	[1.149518509668586e+20, 5409093323452017.0, 5.7942524989848066e+20]	[5.394512313979255e+31, 4.228812382084699e+27, 1.8153267117686994e+32]	2	2	2	2
79	1.0	1.9500328679223664	1.3941342642334527	[0.    0.999 0.001]	1	[9.223312766955425e-05, 0.9986001903786835, 0.0013075764936468948]	[0.0001384871532963247, 0.9980158738372125, 0.0018456390094909129]	[1.0225097818480885e+17, 1.107062601710536e+21, 1.4495981964947679e+18]	[3.261123503560068e+28, 2.3501479708608818e+32, 4.346148079208061e+29]	1	1	1	1
80	0.0	-3.686587022170901	0.7555951063250669	[0.404 0.    0.596]	2	[0.5463230661218312, 1.3241530167351305e-07, 0.453676801462867]	[0.5017936012355684, 8.841580051051947e-08, 0.49820631034863083]	[4.1500713327606314e+20, 100587542714433.05, 3.44629616584725e+20]	[1.1816337241216074e+32, 2.0820331580791144e+25, 1.1731862989655227e+32]	0	0	0	0
81	2.0	-2.6066925304152684	1.6148863596903873	[0.185 0.    0.815]	2	[0.24881956616062922, 8.130440075304714e-06, 0.7511723033992955]	[0.330914458337712, 1.7997970009223332e-05, 0.6690675436922786]	[7.665517587420753e+20, 2.504788202648203e+16, 2.3141767312516792e+21]	[7.79244061320164e+31, 4.2381983899877816e+27, 1.5755337879863822e+32]	2	2	2	2
82	1.0	1.7356012583955496	1.2353312227905933	[0.    0.998 0.002]	1	[0.00032532716864049435, 0.9966265574810925, 0.0030481153502669696]	[0.0004193608612424221, 0.9942087608269257, 0.0053718783118317515]	[1.4953337146727747e+18, 4.5808940537228815e+21, 1.401035661581224e+19]	[9.875194402650413e+28, 2.3411829041214492e+32, 1.2649807728731778e+30]	1	1	1	1
83	0.0	-0.7698704036779441	0.43021779287251394	[0.34  0.009 0.651]	2	[0.47069409473053175, 0.01922705677016804, 0.5100788484993002]	[0.29575721151989165, 0.011584069900089132, 0.692658718580019]	[3.113400770232813e+21, 1.2717714971933395e+20, 3.3739107789451863e+21]	[6.9645506523708885e+31, 2.7278402161412585e+30, 1.6310867638919445e+32]	2	2	2	2
84	2.0	-2.033154932879186	3.0304305192821404	[0.045 0.    0.954]	2	[0.05763132152155339, 0.00017912113968849726, 0.9421895573387581]	[0.03151443477728642, 8.729712748373065e-05, 0.9683982680952298]	[1.266700700809979e+21, 3.936971549202572e+18, 2.070874207058578e+22]	[7.42108285912373e+30, 2.0556904193223015e+28, 2.2804038336572763e+32]	2	2	2	2
85	2.0	-2.1563209122383675	2.3077672481095903	[0.092 0.    0.907]	2	[0.0449893447020329, 4.956248858910317e-05, 0.954961092809378]	[0.034908661958724996, 5.348447790756079e-05, 0.9650378535633674]	[5.513608655695406e+21, 6.07406415658097e+18, 1.1703397286709562e+23]	[8.22036234276848e+30, 1.259463306367311e+28, 2.2724906615321244e+32]	2	2	2	2
86	2.0	-0.33585413715835005	4.401350094297761	[0.006 0.295 0.699]	2	[0.0030538078913332303, 0.1681578498650822, 0.8287883422435847]	[0.003571420118387821, 0.31647855883208303, 0.6799500210495291]	[9.299657037869215e+19, 5.120853660798023e+21, 2.5238808772887794e+22]	[8.410052349217366e+29, 7.452501131074331e+31, 1.6011600658337957e+32]	2	2	2	2
87	2.0	0.7894235376905918	1.6370634256966587	[0.008 0.924 0.068]	1	[0.0057115319476678285, 0.8905851512200716, 0.10370331683226049]	[0.01122052048585398, 0.9172490484002487, 0.0715304311138973]	[1.7407050816947923e+20, 2.7142386887001664e+22, 3.160568692471917e+21]	[2.642230864569787e+30, 2.1599566163048153e+32, 1.6844130633993303e+31]	1	1	1	1
88	0.0	-2.8579528663378015	-0.2164030894279111	[0.607 0.    0.393]	0	[0.6972214019219506, 1.4414048159163466e-06, 0.3027771566732335]	[0.8914759720170593, 9.354256339079318e-07, 0.10852309255730669]	[3.144377409985694e+22, 6.500547357436558e+16, 1.3654854097688611e+22]	[2.099265654615087e+32, 2.202759207594089e+26, 2.5555237391615143e+31]	0	0	0	0
89	0.0	-0.5082077930917168	-2.6645296952488446	[0.92  0.001 0.079]	0	[0.957463876070416, 0.0005039520865023532, 0.042032171843081646]	[0.9736693625157894, 0.0003003949937357189, 0.026030242490474587]	[8.920465080455407e+21, 4.695202714401171e+18, 3.916038302361348e+20]	[2.2928163134398532e+32, 7.073762086272381e+28, 6.129654164196577e+30]	0	0	0	0
90	0.0	-3.0598125246444323	0.3533029864632742	[0.474 0.    0.526]	2	[0.7459339396676492, 4.565294494787032e-07, 0.2540656038029012]	[0.814949231506723, 8.312793327885399e-07, 0.18504993721394397]	[1.6624605585597658e+22, 1.017465707375512e+16, 5.662351894018711e+21]	[1.9190589378266334e+32, 1.9575133907040774e+26, 4.357593359504222e+31]	0	0	0	0
91	1.0	2.704562344080096	4.184561879427708	[0. 1. 0.]	1	[1.153156951743959e-07, 0.9999902531465287, 9.631537776055148e-06]	[2.250394425772476e-07, 0.9999941027702319, 5.672190325287874e-06]	[1125314612040832.8, 9.75846039051635e+21, 9.398989599314014e+16]	[5.299274322192275e+25, 2.3548063443744797e+32, 1.335698853371783e+27]	1	1	1	1
92	0.0	-2.7944397991022574	-1.6525716062291567	[0.869 0.    0.131]	0	[0.9215322068242964, 3.2775924040091707e-07, 0.07846746541646325]	[0.9514992445079392, 1.9752506502349684e-07, 0.0485005579669955]	[5.004787329778114e+21, 1780041198157460.0, 4.2615219935660284e+20]	[2.24060967102487e+32, 4.6513601930429125e+25, 1.1421009512955605e+31]	0	0	0	0
93	0.0	-2.4576560734037405	-0.7906791881531987	[0.719 0.    0.281]	0	[0.8857589942540167, 1.4187029636220054e-06, 0.11423958704301973]	[0.8091371807671667, 1.142361766074023e-06, 0.19086167687106695]	[1.2258843508973563e+22, 1.963475135965893e+16, 1.5810680209570928e+21]	[1.9053726031598385e+32, 2.6900565982037923e+26, 4.494449380740083e+31]	0	0	0	0
94	2.0	-1.2727732391689934	1.9760449897106005	[0.106 0.003 0.891]	2	[0.25112515728710694, 0.0034165427217446543, 0.7454582999911484]	[0.20064113203668993, 0.002079611893321994, 0.7972792560699877]	[1.000883529472219e+22, 1.3616960462558867e+20, 2.9710959365034017e+22]	[4.724737969490149e+31, 4.897112159626859e+29, 1.877449322181803e+32]	2	2	2	2
95	2.0	-1.9219237771624984	2.7007817619367565	[0.061 0.    0.939]	2	[0.048482261354174105, 0.00018759939691786987, 0.9513301392489081]	[0.16739292468998881, 0.0003243853957039631, 0.8322826899143069]	[8.628985266240169e+21, 3.3389375551899054e+19, 1.6931994353440526e+23]	[3.9418024563486344e+31, 7.638692925388489e+28, 1.9598761163630422e+32]	2	2	2	2
96	2.0	-2.5307589702626614	-3.5869860610493367	[0.978 0.    0.022]	0	[0.9528969478393365, 4.7346151963772535e-08, 0.04710300481451143]	[0.987264481360024, 2.4655956328680615e-08, 0.012735493984019443]	[4.433320484761583e+21, 220276353966261.2, 2.1914512016382866e+20]	[2.3248303743410527e+32, 5.80603447845908e+24, 2.998979888904673e+30]	0	0	0	0
97	0.0	-2.1682793700793535	-2.89067736587257	[0.954 0.    0.046]	0	[0.9851560637603297, 2.677444569573411e-07, 0.014843668495213333]	[0.9942052353883466, 1.4397614591324645e-07, 0.005794620635507286]	[1.6221743630818675e+21, 440872476869958.56, 2.4441831475017e+19]	[2.3411746023473566e+32, 3.390379412197379e+25, 1.3645289905145653e+30]	0	0	0	0
98	0.0	-2.143719529681922	-0.4719951432633286	[0.634 0.    0.366]	0	[0.8567062653724437, 8.078320802380325e-06, 0.14328565630675397]	[0.9324059211586311, 4.811363260538984e-06, 0.06758926747810816]	[4.910095636206709e+21, 4.629979880257028e+16, 8.212222837625076e+20]	[2.1956483269193474e+32, 1.1329895546004763e+27, 1.591605744755504e+31]	0	0	0	0
99	0.0	-0.7631411142140389	-0.8633165347427392	[0.659 0.003 0.338]	0	[0.8371414962177214, 0.001776391791737475, 0.16108211199054115]	[0.8835338566100286, 0.003124711729763121, 0.11334143166020814]	[7.019034571327665e+21, 1.4894203016768442e+19, 1.3505971427678804e+21]	[2.080563400575366e+32, 7.358134398196758e+29, 2.668986963168814e+31]	0	0	0	0
100	1.0	2.613625882400396	2.3574943760684715	[0. 1. 0.]	1	[2.4273613366865263e-06, 0.999971777037013, 2.5795601650281834e-05]	[1.4564570111000824e-06, 0.9999882247358053, 1.0318807183479989e-05]	[3.669206081863435e+16, 1.511560092245891e+22, 3.899270249963769e+17]	[3.429694435743286e+26, 2.3547925026600897e+32, 2.4298935918443857e+27]	1	1	1	1
101	1.0	2.613401094984008	1.177176143931382	[0. 1. 0.]	1	[4.245258919350274e-06, 0.9999761922268615, 1.9562514219170503e-05]	[2.5471895746799024e-06, 0.999989627699602, 7.82511082310422e-06]	[1.9048729298862525e+17, 4.486952657754993e+22, 8.777816497071507e+17]	[5.998173543388336e+26, 2.3547958063876218e+32, 1.8426729278335642e+27]	1	1	1	1
102	1.0	5.9950180328491935	1.3414730521964031	[0. 1. 0.]	1	[1.7057164218199188e-12, 0.9999999999797611, 1.8533134082682944e-11]	[1.023432574951386e-12, 0.999999999991563, 7.413381935291001e-12]	[105804447.02437116, 6.202933012120588e+19, 1149597892.2185795]	[2.409999732857198e+20, 2.3548202312705764e+32, 1.7457181763506366e+21]	1	1	1	1
103	1.0	3.065943263571904	2.439483731279364	[0. 1. 0.]	1	[1.0056567407898157e-07, 0.9999980567051157, 1.842729210238828e-06]	[1.1846997136716516e-07, 0.9999963068726594, 3.574657369007499e-06]	[12872332656733.434, 1.2799901914728548e+20, 235867989825680.06]	[2.7897548537580014e+25, 2.354811534639466e+32, 8.417675492470332e+26]	1	1	1	1
104	2.0	-1.2178245230244304	2.2459117806759217	[0.082 0.004 0.914]	2	[0.13597412572876055, 0.010906741006314585, 0.8531191332649248]	[0.18809582399572825, 0.025145867275063166, 0.7867583087292085]	[3.512005493681772e+19, 2.8170458259647473e+18, 2.2034773650746956e+20]	[4.429318517663875e+31, 5.921399699266304e+30, 1.852674382531393e+32]	2	2	2	2
105	1.0	4.1903058948157925	1.8558841866125972	[0. 1. 0.]	1	[3.0582010461461775e-09, 0.9999998798545496, 1.1708724939899614e-07]	[5.422069546059343e-09, 0.9999998873057314, 1.0727219901978784e-07]	[123595861488.34357, 4.041455900834696e+19, 4732030118492.657]	[1.2767999062524338e+24, 2.3548199659157e+32, 2.5260674450681134e+25]	1	1	1	1
106	0.0	-2.3082463421061568	0.4910232493896991	[0.402 0.    0.598]	2	[0.5440686630499693, 3.323247251002876e-05, 0.45589810447752077]	[0.772970311989178, 2.4745592746088843e-05, 0.22700494241807578]	[5.971372300014917e+19, 3647397457058966.5, 5.003664973912208e+19]	[1.8202061288590025e+32, 5.827142243376406e+27, 5.345558310090072e+31]	0	0	0	0
107	0.0	-2.5862932320960246	-1.8895687782291408	[0.89 0.   0.11]	0	[0.9214710762675955, 2.2038623513595822e-07, 0.07852870334616938]	[0.8898301066341716, 1.6802410945801308e-07, 0.11016972534171872]	[7.0709748032198205e+19, 16911496798520.19, 6.025956722802613e+18]	[2.0953899375134808e+32, 3.956665722962893e+25, 2.5942989811039075e+31]	0	0	0	0
108	2.0	-1.8299739300876907	1.9410104750238608	[0.122 0.    0.878]	2	[0.29566997298192593, 0.00034551977218970315, 0.7039845072458844]	[0.3835261541272936, 0.0007435274219324358, 0.6157303184507739]	[8.547255283994162e+19, 9.988317950546266e+16, 2.0350850100612805e+20]	[9.031351469679679e+31, 1.750873415685726e+29, 1.4499342109067902e+32]	2	2	2	2
109	1.0	1.1014003965860655	1.4927870239835987	[0.003 0.976 0.021]	1	[0.003488685379615606, 0.9630385130339741, 0.033472801586410306]	[0.0021391587420044925, 0.9841778139475282, 0.013683027310467128]	[1.1563409143100856e+18, 3.1920357197708414e+20, 1.1094714994108903e+19]	[5.037334283613992e+29, 2.3175618274708418e+32, 3.2221069535987646e+30]	1	1	1	1
110	1.0	3.583417735796948	2.013372958470472	[0. 1. 0.]	1	[2.0290879612519442e-08, 0.9999996965063768, 2.832027435466163e-07]	[1.217453006987038e-08, 0.9999998745443439, 1.1328112594752058e-07]	[7418669638472.567, 3.656158593724213e+20, 103543445883199.08]	[2.8668829714984624e+24, 2.3548199358649263e+32, 2.6675668720458215e+25]	1	1	1	1
111	1.0	4.040089137587499	3.2299488863042254	[0. 1. 0.]	1	[4.999066677911895e-10, 0.9999999744654389, 2.5034654485759678e-08]	[3.893124775926605e-10, 0.9999999843611468, 1.5249540595087063e-08]	[46714141974.20505, 9.344572455451302e+19, 2339381487128.7817]	[9.167608985290046e+22, 2.354820194463756e+32, 3.5909926711195934e+24]	1	1	1	1
112	1.0	0.2943705375492982	0.5853266196316396	[0.142 0.462 0.396]	1	[0.1342123853317203, 0.6551811181932415, 0.21060649647503812]	[0.09823789239037467, 0.798668936774549, 0.10309317083507602]	[8.265346227230978e+18, 4.034872616284251e+19, 1.2970007252071973e+19]	[2.3133257648018785e+31, 1.880721770419937e+32, 2.4276588439031897e+31]	1	1	1	1
113	1.0	1.5386012860296496	2.6162466353516542	[0.    0.998 0.002]	1	[6.816066598058027e-05, 0.9985684622585504, 0.0013633770754690364]	[0.00012055445627547694, 0.9986256971218244, 0.0012537484218997927]	[1.1730107690820084e+16, 1.7184860843769725e+20, 2.3463033537559037e+17]	[2.8388407260971235e+28, 2.3515839950689957e+32, 2.9523521488381006e+29]	1	1	1	1
114	0.0	-1.30761482334985	-0.3262750466364045	[0.557 0.001 0.442]	0	[0.6902001793899576, 0.000955326897467218, 0.3088444937125752]	[0.7688614711838225, 0.0017736704485450596, 0.22936485836763204]	[2.1781539843896528e+20, 3.0148486631110586e+17, 9.746605182447724e+19]	[1.8105305474034e+32, 4.176675055875903e+29, 5.401130088311675e+31]	0	0	0	0
115	1.0	2.4399688686528997	5.338691361192256	[0. 1. 0.]	1	[6.666037021298916e-08, 0.9999808942184677, 1.9039121162118263e-05]	[3.9996681960020424e-08, 0.999992344265143, 7.6157381746964444e-06]	[2088616347931.878, 3.1331605819333685e+19, 596537636715786.8]	[9.418499586394567e+24, 2.354802203411118e+32, 1.793369432998615e+27]	1	1	1	1
116	1.0	3.424588920078691	4.694581472950181	[0. 1. 0.]	1	[8.625982197251502e-10, 0.999999829318303, 1.6981909879566872e-07]	[5.178806215851328e-10, 0.9999999313538742, 6.812824485184921e-08]	[4131566790.6159763, 4.789676109869072e+18, 813378619329.9535]	[1.219515765101941e+23, 2.3548200696411575e+32, 1.6042976929944355e+25]	1	1	1	1
117	1.0	1.8093379969772847	1.6810399538041103	[0.    0.999 0.001]	1	[6.481332150385542e-05, 0.999511357189525, 0.0004238294889711598]	[9.314355408108067e-05, 0.9993006839422184, 0.0006061725037001429]	[1198659236489222.0, 1.8484988771943043e+19, 7838313480378684.0]	[2.1933632556442433e+28, 2.3531734676895126e+32, 1.4274272753650776e+29]	1	1	1	1
118	0.0	-0.49394461298352493	0.35776405607982353	[0.337 0.027 0.635]	2	[0.45868116146083016, 0.05515390273811805, 0.4861649358010518]	[0.4523795798686677, 0.03781507897729326, 0.5098053411540386]	[8.648036886711596e+18, 1.0398791696747731e+18, 9.16621969919798e+18]	[1.0652725868974094e+32, 8.904771302357609e+30, 1.2004999313694563e+32]	2	2	2	2
119	2.0	-2.575376109760596	0.3780677053620933	[0.443 0.    0.557]	2	[0.5105276363290064, 3.6465065096080095e-06, 0.4894687171644839]	[0.36545154692040416, 2.427984538419829e-06, 0.6345460250950571]	[3.0991307323012903e+19, 221359228870031.78, 2.9712936889609732e+19]	[8.605726962445563e+31, 5.7174671123313994e+26, 1.494241817578773e+32]	0	2	0	2
120	2.0	-0.5568808844890196	2.146836013337259	[0.075 0.059 0.866]	2	[0.10058086017647962, 0.04719641241908064, 0.8522227274044397]	[0.09471735439165005, 0.031175755194135464, 0.8741068904142142]	[9.700737376019216e+18, 4.5519594996947226e+18, 8.21944537948834e+19]	[2.2304234237576424e+31, 7.341329905690829e+30, 2.0583645898577696e+32]	2	2	2	2
121	2.0	-1.9775104854666536	0.6001722284932913	[0.359 0.    0.64 ]	2	[0.23957121180801352, 4.692283090135617e-05, 0.7603818653610851]	[0.18964442179858473, 2.8717891813504876e-05, 0.8103268603096014]	[9.621182612627043e+19, 1.884421426916479e+16, 3.053694442983271e+20]	[4.465785212026854e+31, 6.762547264245144e+27, 1.9081740846151147e+32]	2	2	2	2
122	2.0	-1.0682095976186048	2.111785456287844	[0.09  0.008 0.902]	2	[0.07000349823110723, 0.0045883150832074695, 0.9254081866856854]	[0.15859690151022018, 0.005568445927747249, 0.8358346525620323]	[9.438621012052895e+19, 6.18645756977855e+18, 1.2477343813220932e+21]	[3.734671922962442e+31, 1.31126891275061e+30, 1.968240349866692e+32]	2	2	2	2
123	0.0	-3.870774804015893	-1.2663730443246963	[0.847 0.    0.153]	0	[0.7283918892703759, 3.0630259515132664e-09, 0.27160810766659804]	[0.6388439065539997, 2.187618532667726e-09, 0.3611560912583815]	[1.1631696488198437e+20, 489134883684.1935, 4.337312260953921e+19]	[1.5043625557899798e+32, 5.151448379071872e+23, 8.504576703490143e+31]	0	0	0	0
124	0.0	-1.1368588615400212	2.4838035992936223	[0.064 0.007 0.929]	2	[0.12485628319519844, 0.006819836169466484, 0.8683238806353352]	[0.26849282377537936, 0.007816944507705701, 0.7236902317169146]	[4.703250429770314e+19, 2.5689854426356884e+18, 3.27091641707225e+20]	[6.322523333825632e+31, 1.84074990736201e+30, 1.7041603988342593e+32]	2	2	2	2
125	2.0	-2.7540611689466346	-1.0150643923447467	[0.774 0.    0.226]	0	[0.6604905138146907, 4.313449349522051e-07, 0.33950905484037447]	[0.6936009148492575, 2.927767292828897e-07, 0.3063987923740129]	[2.248036780077679e+20, 146811991753272.56, 1.1555485302014576e+20]	[1.6333054667285916e+32, 6.89436565366394e+25, 7.215140751252852e+31]	0	0	0	0
126	2.0	-1.9753673734509103	1.1619276103058211	[0.24 0.   0.76]	2	[0.36586432746840225, 8.66239820348451e-05, 0.6340490485495628]	[0.5537196109788934, 8.453691589282227e-05, 0.4461958521052135]	[5.820425039426405e+20, 1.3780747566705026e+17, 1.0086894734827861e+21]	[1.3039101423953723e+32, 1.990692398353165e+28, 1.0507110196552349e+32]	2	0	2	0
127	2.0	0.205697274285658	-0.5629055473389326	[0.439 0.189 0.372]	0	[0.4689950054257621, 0.13698221892547777, 0.39402277564876004]	[0.6562926768432165, 0.10432538907292002, 0.23938193408386324]	[2.370565906915803e+20, 6.923855782720388e+19, 1.9916138715663532e+20]	[1.545451273078167e+32, 2.45667536826159e+31, 5.6370142138611635e+31]	0	0	0	0
128	2.0	-1.4879108444248603	-0.9145524950295245	[0.704 0.    0.296]	0	[0.7792937464750525, 9.735390579267752e-05, 0.22060889961915486]	[0.8112793949222872, 6.463895161616843e-05, 0.18865596612609634]	[7.740039104422332e+20, 9.669306871920269e+16, 2.1911140921628095e+20]	[1.910417132392071e+32, 1.5221311099515746e+28, 4.44250885787376e+31]	0	0	0	0
129	2.0	-1.256226325996379	0.29332731257144995	[0.398 0.001 0.601]	2	[0.602547954578462, 0.0008392423548891083, 0.39661280306664887]	[0.6300413269580989, 0.0005737065033522045, 0.3693849665385486]	[1.9422788267637998e+21, 2.7052496718951967e+18, 1.2784586587115904e+21]	[1.483634063270008e+32, 1.3509756809166698e+29, 8.698351923395174e+31]	0	0	0	0
130	2.0	-3.681570142177907	1.217438121584371	[0.297 0.    0.703]	2	[0.40874395563762406, 7.266653769634569e-08, 0.5912559716958383]	[0.5083749368791688, 1.5040585465144007e-07, 0.4916249127149762]	[1.4666236505770028e+21, 260736486304131.6, 2.1214992409643943e+21]	[1.1971315864440687e+32, 3.5417874943774094e+25, 1.1576882906676243e+32]	2	0	2	0
131	1.0	1.4677648655847895	1.083950753040463	[0.001 0.993 0.006]	1	[0.0015053691921085408, 0.9904741392385618, 0.008020491569329647]	[0.0009081452573641431, 0.9958660690968831, 0.0032257856457522556]	[7.090544170012231e+18, 4.665301156913467e+21, 3.777787537812328e+19]	[2.1385188249915502e+29, 2.3450855671650272e+32, 7.596145300423718e+29]	1	1	1	1
132	1.0	2.50980075187422	2.1828079500691895	[0. 1. 0.]	1	[1.5779155073209357e-06, 0.9999782957444981, 2.012633999466414e-05]	[9.467773164713121e-07, 0.9999910023051131, 8.050917570066691e-06]	[2.5815813846305704e+16, 1.6360352258098043e+22, 3.292811587813547e+17]	[2.229490379353521e+26, 2.354799043336488e+32, 1.895846357444475e+27]	1	1	1	1
133	1.0	2.729709508945729	0.32042573132404284	[0. 1. 0.]	1	[8.769355904170854e-06, 0.9999739676093421, 1.72630347536917e-05]	[5.261688581088001e-06, 0.9999878329851865, 6.905326231898495e-06]	[2.4496504629516477e+17, 2.793348473322603e+22, 4.822292713221752e+17]	[1.2390330721495928e+27, 2.3547915801578057e+32, 1.626080191453518e+27]	1	1	1	1
134	1.0	3.4977756565075007	2.3043403015736525	[0. 1. 0.]	1	[1.9166776086173582e-08, 0.9999996466729036, 3.3416032029259135e-07]	[2.8059406298095283e-08, 0.9999994764683682, 4.954722250592614e-07]	[645173613766842.9, 3.3661027963640417e+22, 1.12481838599961e+16]	[6.607485762875326e+24, 2.3548189984675647e+32, 1.1667480196120406e+26]	1	1	1	1
135	0.0	-4.965694737448841	1.7346554484560488	[0.245 0.    0.755]	2	[0.3658945016583121, 1.494968570181735e-09, 0.6341054968467192]	[0.4639607695679591, 3.1594102538134482e-09, 0.5360392272726302]	[4.824711194603554e+20, 1971276300530.9924, 8.361360652675209e+20]	[1.0925442067037137e+32, 7.43984318462638e+23, 1.2622760171468855e+32]	2	2	2	2
136	1.0	3.036603944553648	3.5905521213909135	[0. 1. 0.]	1	[4.881963265462358e-08, 0.9999948870068595, 5.0641735079047035e-06]	[2.961274838825901e-08, 0.9999979252874722, 2.0450997790721323e-06]	[31683030313242.617, 6.489780155100232e+20, 3286554077486882.0]	[6.973269900878578e+24, 2.354815345715408e+32, 4.8158423347666714e+26]	1	1	1	1
137	1.0	1.4322851715337996	0.3701309998625912	[0.003 0.988 0.009]	1	[0.0021115678579850462, 0.9945327738352135, 0.0033556583068013227]	[0.004189899336616926, 0.9940428692581483, 0.0017672314052345288]	[2.1929136206440765e+18, 1.0328460237130678e+21, 3.484931246412339e+18]	[9.866459724935941e+29, 2.3407922592990876e+32, 4.161512266418107e+29]	1	1	1	1
138	0.0	-1.1504967625521951	-2.5053897037175887	[0.918 0.    0.081]	0	[0.9521961637608614, 0.0001145625924263835, 0.04768927364671208]	[0.9852039206078512, 6.065055242736344e-05, 0.014735428839721456]	[2.925441861279257e+20, 3.519718062054557e+16, 1.4651623559274377e+19]	[2.319978124194031e+32, 1.4282114789489708e+28, 3.469928594851673e+30]	0	0	0	0
139	0.0	-5.039105495006464	-1.0563062981827884	[0.85 0.   0.15]	0	[0.9482430343029915, 1.607046182510354e-11, 0.05175696568093796]	[0.9743095000416367, 9.180681625502712e-12, 0.025690499949182745]	[4.686264970719275e+18, 79421034.04916778, 2.5578553860886934e+17]	[2.294323722236523e+32, 2.1618854828770218e+21, 6.049650903230164e+30]	0	0	0	0
140	0.0	-1.8839720850646655	-0.3742949580260732	[0.598 0.    0.402]	0	[0.8263334911484198, 2.7710610441098844e-05, 0.1736387982411391]	[0.8770705629778018, 4.901904224201379e-05, 0.12288041797995639]	[1.485105571849728e+19, 498021469615607.25, 3.1206764522979907e+18]	[2.0653435059694267e+32, 1.1543103238997492e+28, 2.893612942886272e+31]	0	0	0	0
141	1.0	2.5999683097948347	2.164829381538972	[0. 1. 0.]	1	[3.3752084912585978e-06, 0.9999665425588853, 3.008223262344089e-05]	[4.045815745653407e-06, 0.9999367459675161, 5.920821673839546e-05]	[113910799332468.4, 3.3748133919315927e+19, 1015253182941482.2]	[9.527168769938072e+26, 2.35467127941504e+32, 1.3942470663420304e+28]	1	1	1	1
142	0.0	-2.2570302188973126	2.969783438162649	[0.05 0.   0.95]	2	[0.0860150446505751, 0.00022577754125879725, 0.9137591778081661]	[0.19882450177122213, 0.00027712414191798134, 0.8008983740868603]	[6.038405714115565e+18, 1.5849976022153574e+16, 6.414748330384642e+19]	[4.681959592471165e+31, 6.525775359674667e+28, 1.8859716945073602e+32]	2	2	2	2
143	2.0	-3.0290314910005955	-0.7783052686916972	[0.74 0.   0.26]	0	[0.5887905268226605, 1.7722553615344607e-07, 0.4112092959518032]	[0.6820379229443524, 3.4170999697003875e-07, 0.31796173534565103]	[3.2995200827679298e+19, 9931532337539.361, 2.304373573290339e+19]	[1.6060766994566737e+32, 8.046656140992433e+25, 7.487427271681566e+31]	0	0	0	0
144	1.0	1.9732208364377617	-0.12190012221426905	[0.001 0.998 0.001]	1	[0.001124877552100923, 0.9975226163610799, 0.001352506086819262]	[0.001097039320566806, 0.9973708028522035, 0.0015321578272302749]	[4.186311928436024e+16, 3.712351464350706e+19, 5.033447733007843e+16]	[2.5833303865918376e+29, 2.3486289446547605e+32, 3.607956249091859e+29]	1	1	1	1
145	2.0	0.26201961388705847	0.42177719489194626	[0.179 0.401 0.42 ]	2	[0.17607070083747214, 0.5913299805508576, 0.23259931861167019]	[0.16226336983889791, 0.4663764564830374, 0.37136017367806523]	[3.8527101532467174e+18, 1.2939251159626279e+19, 5.089647239381748e+18]	[3.8210106609400033e+31, 1.0982327151238035e+32, 8.744864500726404e+31]	1	1	1	1
146	2.0	-2.370157684058019	1.7028811575011569	[0.165 0.    0.835]	2	[0.22109791049846433, 4.360575225775435e-05, 0.778858483749278]	[0.14084582882947014, 2.3844514412007254e-05, 0.8591303266561185]	[1.7872755238470724e+19, 3524931263869402.5, 6.296010221930143e+19]	[3.316666072205071e+31, 5.614954494269125e+27, 2.0230974745249943e+32]	2	2	2	2
147	2.0	-1.2197150523635865	1.7858518766386975	[0.125 0.003 0.872]	2	[0.09402849515523445, 0.002071199038863963, 0.9039003058059016]	[0.075955483583004, 0.0012441000133022228, 0.9228004164036944]	[3.077190396788979e+19, 6.778236514057352e+17, 2.958117468633869e+20]	[1.7886150941870695e+31, 2.9296318810727834e+29, 2.173029089990665e+32]	2	2	2	2
148	0.0	-1.7968802167815483	1.4936570640146931	[0.179 0.    0.821]	2	[0.10113453532278083, 0.00015148195343376252, 0.8987139827237853]	[0.1330790488243199, 0.0001442092779990969, 0.8667767418976815]	[1.8336552483876913e+20, 2.7464968130156723e+17, 1.6294449823310482e+21]	[3.133772365323972e+31, 3.3958692537206116e+28, 2.0411034078326753e+32]	2	2	2	2
149	0.0	-0.003242003621873657	0.2471800273336165	[0.292 0.164 0.544]	2	[0.19725310305904362, 0.10698993744119854, 0.6957569594997578]	[0.2948211095406355, 0.09295558886595172, 0.6122233015934133]	[2.34977377831651e+20, 1.2745155622104465e+20, 8.288191334685306e+20]	[6.9425071335778425e+31, 2.1889370127305977e+31, 1.4416758166596006e+32]	2	2	2	2
150	0.0	-2.4485504984623216	-1.0055060700899037	[0.761 0.    0.239]	0	[0.7136003179276335, 1.6701993676388482e-06, 0.28639801187299885]	[0.5315462813526237, 1.2030787247605164e-06, 0.4684525155686521]	[1.0942443902692393e+21, 2561106326266209.5, 4.391665894802375e+20]	[1.2516959371963604e+32, 2.833034120901171e+26, 1.1031214610599634e+32]	0	0	0	0
151	2.0	-2.695430446730262	3.6162646235256264	[0.029 0.    0.971]	2	[0.05703728646191483, 1.990431118481599e-05, 0.9429428092269003]	[0.03858016471791316, 1.0794453076777929e-05, 0.9614090408290106]	[1.4051321445012863e+20, 4.903491942699004e+16, 2.322970347749221e+21]	[9.084935240425964e+30, 2.541899649091204e+27, 2.263945459889694e+32]	2	2	2	2
152	2.0	-3.687994398394846	2.5641808339088894	[0.097 0.    0.903]	2	[0.04713728966863635, 1.0571575045733324e-07, 0.9528626046156131]	[0.07851576964547335, 1.0201577103735366e-07, 0.921484128338756]	[1.5912852408793036e+20, 356880751128898.1, 3.2167233414769683e+21]	[1.8489052283650076e+31, 2.4022880154945405e+25, 2.1699294682251425e+32]	2	2	2	2
153	0.0	-2.27716295292826	-0.94596822324864	[0.743 0.    0.257]	0	[0.5636277658236162, 3.622271726471854e-06, 0.43636861190465726]	[0.3998847486424592, 2.3379410881492142e-06, 0.6001129134164531]	[2.3313570732448324e+21, 1.4982953862084358e+16, 1.8049697186570458e+21]	[9.416566962877568e+31, 5.505430973938964e+26, 1.4131580295717139e+32]	0	2	0	2
154	0.0	-1.6158659257925816	3.0427638580967815	[0.041 0.001 0.957]	2	[0.061151623730129286, 0.001059723004053453, 0.9377886532658173]	[0.08886805783421894, 0.002566717117255913, 0.9085652250485257]	[7.012105432806478e+20, 1.21515815619006e+19, 1.0753390522236599e+22]	[2.0926830050350794e+31, 6.044157395713711e+29, 2.1395077733912233e+32]	2	2	2	2
155	1.0	3.042876952462624	3.2910999205186764	[0. 1. 0.]	1	[4.717593194177604e-08, 0.9999921574953726, 7.795328695336553e-06]	[6.010043917699359e-08, 0.9999856691700063, 1.4270729555075152e-05]	[296600411542259.9, 6.28706362003018e+21, 4.901011180865642e+16]	[1.4152573008342533e+25, 2.354786484762043e+32, 3.360500267156544e+27]	1	1	1	1
156	0.0	-2.449210874925179	2.0259467745977022	[0.126 0.    0.874]	2	[0.20411602350589944, 6.105370911969572e-05, 0.7958229227849808]	[0.274023719699265, 0.00013570400859472077, 0.7258405762921408]	[3.5475718698668424e+21, 1.0611240475092108e+18, 1.3831540345413462e+22]	[6.452765990012908e+31, 3.1955854490606064e+28, 1.709224073744248e+32]	2	2	2	2
157	1.0	1.197651702391032	1.758297051170865	[0.001 0.986 0.013]	1	[0.0014254934505630867, 0.9758147509532533, 0.02275975559618354]	[0.0024055080461107816, 0.973410353014345, 0.02418413893954488]	[3.1606459341637964e+19, 2.163605117848251e+22, 5.046359838357997e+20]	[5.664539013513611e+29, 2.2922063926257514e+32, 5.694929965117932e+30]	1	1	1	1
158	0.0	-1.9639995619420985	-0.6105548139723407	[0.658 0.    0.342]	0	[0.7668359449144909, 4.2269313590631135e-05, 0.2331217857719185]	[0.6830995982997732, 3.0404745408947954e-05, 0.31686999695481843]	[3.2467362997031693e+22, 1.789656780024074e+18, 9.8702332504994e+21]	[1.6085767540626811e+32, 7.159770961622587e+27, 7.461718795181476e+31]	0	0	0	0
159	0.0	-1.257510954108941	1.0353298852991575	[0.237 0.002 0.761]	2	[0.4096146099582108, 0.0016487483642148467, 0.5887366416775742]	[0.2841835229383347, 0.0009837551542376383, 0.7148327219074283]	[6.0244617282632634e+22, 2.4249187353845498e+20, 8.658922996361476e+22]	[6.692011092145826e+31, 2.316566539835042e+29, 1.6833025555360275e+32]	2	2	2	2
160	2.0	-3.6182775020923255	1.8291541568579592	[0.183 0.    0.817]	2	[0.19915031241092587, 1.2986140626585033e-07, 0.8008495577276679]	[0.10830700896205955, 6.577835770003827e-08, 0.8916929252595833]	[4.033950533336926e+22, 2.6304477393190884e+16, 1.6221855047117313e+23]	[2.550435358944133e+31, 1.5489620749310968e+25, 2.0997765404998246e+32]	2	2	2	2
161	2.0	-2.497771232971078	2.502473119608358	[0.082 0.    0.918]	2	[0.057962212615650544, 1.531549178758453e-05, 0.9420224718925618]	[0.029812579387021455, 7.725775234399193e-06, 0.9701796948377448]	[5.321537407290876e+22, 1.4061223473149592e+19, 8.648751654679432e+23]	[7.020326508751059e+30, 1.8192811824365893e+27, 2.2845987733911108e+32]	2	2	2	2
162	0.0	-0.6962297801343392	3.10126585854204	[0.031 0.052 0.917]	2	[0.014927204732051056, 0.026643819837746663, 0.9584289754302022]	[0.01716888117921689, 0.019908902066691606, 0.9629222167540921]	[2.092691146489937e+22, 3.735279771664533e+22, 1.343651318130354e+24]	[4.042962874944167e+30, 4.688188536942555e+30, 2.267508717171579e+32]	2	2	2	2
163	2.0	-1.9761921034159011	-0.1821063741408464	[0.555 0.    0.445]	0	[0.3426412566510282, 2.5966761174005216e-05, 0.6573327765877979]	[0.21587285713373416, 1.463235990392752e-05, 0.7841125105063624]	[1.2096093071886975e+24, 9.166915946030626e+19, 2.3205490554530488e+24]	[5.08341771364989e+31, 3.445657713329164e+27, 1.846444003348324e+32]	2	2	2	2
164	2.0	-2.795468331405844	2.243355685114614	[0.11 0.   0.89]	2	[0.10646585410481872, 4.551743857740551e-06, 0.8935295941513235]	[0.06745413855960472, 2.4122199454829212e-06, 0.9325434492204503]	[1.3987396175013055e+24, 5.9800435699052675e+19, 1.173911817322049e+25]	[1.5884237016442608e+31, 5.680344329945517e+26, 2.19597218078169e+32]	2	2	2	2
165	2.0	-1.595272580546535	2.3202449078973006	[0.082 0.001 0.917]	2	[0.045813052176683355, 0.0005176738250493145, 0.9536692739982673]	[0.06864819514930502, 0.0004627273624670285, 0.9308890774882285]	[2.9793253554948527e+24, 3.366548788099291e+22, 6.201924809160582e+25]	[1.6165415877915798e+31, 1.0896397547090252e+29, 2.192076432756579e+32]	2	2	2	2
166	2.0	-1.210755423171092	-1.0566425493533442	[0.722 0.    0.277]	0	[0.5367049179065827, 0.0002852913239716128, 0.4630097907694457]	[0.3440932758833834, 0.000177448158555571, 0.6557292759580615]	[3.5814344676897825e+25, 1.9037503606080793e+22, 3.0896665340937975e+25]	[8.102778075011958e+31, 4.178585137718932e+28, 1.5441245652754782e+32]	0	2	0	2
167	2.0	-4.355162862276389	4.024640824208655	[0.027 0.    0.973]	2	[0.03821296078139861, 2.1896282840529935e-08, 0.9617870173223186]	[0.024971844855183882, 1.1630114033578545e-08, 0.9750281435147025]	[3.5241852345096206e+23, 2.019381777786904e+17, 8.870067997558356e+24]	[5.880420547763324e+30, 2.738682781848569e+24, 2.2960159984259845e+32]	2	2	2	2
168	2.0	-1.4638761828408189	0.8797986032415338	[0.275 0.001 0.724]	2	[0.14154226744046794, 0.0004109309796547356, 0.8580468015798773]	[0.06829206203143355, 0.00019439443943454937, 0.9315135435291322]	[5.638962661700333e+24, 1.6371254274159538e+22, 3.418409188714864e+25]	[1.608155293081618e+31, 4.577639588308421e+28, 2.1935469380234537e+32]	2	2	2	2
169	2.0	-1.8558233373915585	3.6107804903290286	[0.025 0.001 0.975]	2	[0.014760475019335795, 0.0003249819231580399, 0.9849145430575061]	[0.006812906027466821, 0.00014468340789895433, 0.9930424105646345]	[1.5544765193346063e+24, 3.4224966885930797e+22, 1.0372474657681854e+26]	[1.6043168947359497e+30, 3.407034160525055e+28, 2.338436358927034e+32]	2	2	2	2
170	2.0	-2.126302402046609	4.004820485980451	[0.018 0.    0.982]	2	[0.007145568227268603, 0.0001112152664592552, 0.9927432165062721]	[0.008589000105039886, 8.547332207796728e-05, 0.9913255265728823]	[1.5594664439028763e+24, 2.427189421144492e+22, 2.1665872948294847e+26]	[2.0225551213903686e+30, 2.0127430806480176e+28, 2.3343934057684784e+32]	2	2	2	2
171	2.0	-3.1342077706413765	0.8921045400105566	[0.345 0.    0.655]	2	[0.17095587810177135, 4.224290218342978e-07, 0.8290436994692069]	[0.221402458559671, 3.3592986564580746e-07, 0.7785972055104635]	[8.499342519113995e+25, 2.1001728553882226e+20, 4.1217221913290766e+26]	[5.21362988673758e+31, 7.910544439174287e+25, 1.8334564515622453e+32]	2	2	2	2
172	2.0	-3.3845592819279906	-0.14633600670846425	[0.616 0.    0.384]	0	[0.5057965022443272, 7.080495408929342e-08, 0.49420342695071884]	[0.3781047236694808, 4.467337829964649e-08, 0.6218952316571411]	[2.23741998385659e+26, 3.132097959010951e+19, 2.1861373470230452e+26]	[8.90368652843377e+31, 1.051977750200992e+25, 1.4644514732492952e+32]	0	2	0	2
173	0.0	-2.6450515060491657	1.8444985160881395	[0.153 0.    0.847]	2	[0.19597124758583637, 7.780331201157283e-06, 0.8040209720829624]	[0.1467776997181589, 4.545764116341561e-06, 0.8532177545177249]	[3.466497900254159e+26, 1.37624789882916e+22, 1.4222173129071483e+27]	[3.4563509679859473e+31, 1.0704457307835251e+27, 2.0091744300345447e+32]	2	2	2	2
174	0.0	-2.130462702544754	1.178214457635663	[0.243 0.    0.757]	2	[0.17946404193654614, 3.467354148093938e-05, 0.820501284521973]	[0.13078936878141584, 1.9934475667893138e-05, 0.8691906967429164]	[1.611890486016513e+27, 3.114270191762779e+23, 7.369488617407372e+27]	[3.079854516441852e+31, 4.694210660292191e+27, 2.0467878375396592e+32]	2	2	2	2
175	0.0	-2.7078775786684846	2.782376691293694	[0.066 0.    0.934]	2	[0.0438884516350785, 7.234315038915824e-06, 0.9561043140498825]	[0.11835731164012818, 1.0185109680464167e-05, 0.8816325032501915]	[1.4742187572568014e+27, 2.4300157624495793e+23, 3.211566736020177e+28]	[2.787101919713222e+31, 2.3984102333469208e+27, 2.076086055216792e+32]	2	2	2	2
176	2.0	-2.7551536777763967	-0.38269586798032496	[0.642 0.    0.358]	0	[0.4423118938567437, 8.25189086392933e-07, 0.5576872809541699]	[0.7292995075759028, 6.948129474329926e-07, 0.2706997976111498]	[2.158275374804711e+28, 4.026537177624013e+22, 2.7212533554772956e+28]	[1.7173692351098968e+32, 1.636159585577758e+26, 6.374493600209651e+31]	2	0	2	0
177	2.0	-1.6331658523818122	-2.1537781567627707	[0.897 0.    0.103]	0	[0.91158682435554, 9.647087293762365e-06, 0.0884035285571663]	[0.9387378426560378, 1.6520256015023357e-05, 0.06124563708794725]	[2.8575709665057533e+28, 3.024093352982692e+23, 2.771204561016047e+27]	[2.2105588637643864e+32, 3.89022330902747e+27, 1.4422246529297073e+31]	0	0	0	0
178	1.0	1.535640781660015	1.6088096409477717	[0.    0.996 0.004]	1	[0.0007425879065392713, 0.996703740962147, 0.0025536711313136244]	[0.0009365243842984052, 0.9945754493213622, 0.004488026294339412]	[4.669773209294763e+25, 6.26778376830832e+28, 1.6058792406050532e+26]	[2.2053465672427144e+29, 2.3420463896067307e+32, 1.0568495116473946e+30]	1	1	1	1
179	0.0	-0.8305090221975678	1.7344958408204063	[0.12  0.016 0.863]	2	[0.19054156940607556, 0.03866056096822382, 0.7707978696257007]	[0.2763741643492585, 0.03299846638664443, 0.6906273692640971]	[1.9171396103310401e+28, 3.889843723909033e+27, 7.755405458369724e+28]	[6.5081147361562495e+31, 7.77054562488281e+30, 1.6263033014259944e+32]	2	2	2	2
180	0.0	-1.7044565038584039	0.11065639737732776	[0.467 0.    0.533]	2	[0.3817548128885744, 0.00010318869862745053, 0.6181419984127982]	[0.48075944957737743, 0.00021657724762225158, 0.5190239731750003]	[1.2501754815172043e+29, 3.379236531887811e+25, 2.0242992214410816e+29]	[1.132102078248868e+32, 5.10000484338079e+28, 1.2222081525572413e+32]	2	2	2	2
181	1.0	2.5672360130300156	1.3516313403696198	[0. 1. 0.]	1	[9.079236919172324e-06, 0.9999067099216568, 8.421084142416757e-05]	[7.433681615137657e-06, 0.9998865469497782, 0.00010601936860662716]	[4.5522270044761635e+24, 5.0134194838008806e+29, 4.222236624217336e+25]	[1.7504983860297998e+27, 2.354553069752484e+32, 2.496565541035249e+28]	1	1	1	1
182	2.0	0.06820062458362086	2.263983490840129	[0.034 0.463 0.503]	2	[0.03368832420377831, 0.6863584449315847, 0.27995323086463697]	[0.02975853798166096, 0.5274292972461972, 0.4428121647721419]	[1.5402587163666306e+28, 3.1380889442970647e+29, 1.2799698833517382e+29]	[7.007600729284045e+30, 1.2420011797306485e+32, 1.0427430442669589e+32]	1	1	1	1
183	2.0	-1.807564910732656	1.49289084720359	[0.179 0.    0.821]	2	[0.2013690638899582, 0.00040293004665052727, 0.7982280060633912]	[0.10277702027430409, 0.00019916387458598632, 0.89702381585111]	[3.5813789732469655e+29, 7.166171252363747e+26, 1.4196604689658288e+30]	[2.4202140665367987e+31, 4.689951212172741e+28, 2.112329829515551e+32]	2	2	2	2
184	2.0	-2.5335174801777454	3.270388814634725	[0.04 0.   0.96]	2	[0.02769417267536357, 1.8751387845357756e-05, 0.9722870759367911]	[0.012924330943747321, 8.43008418243659e-06, 0.9870672389720704]	[1.5641356685145037e+29, 1.0590572575278548e+26, 5.49136785321369e+30]	[3.043447598222938e+30, 1.9851332784283294e+27, 2.324365903975435e+32]	2	2	2	2
185	2.0	-2.0742475888519394	4.156508746609683	[0.015 0.    0.985]	2	[0.006330389081456809, 0.0001483955298380442, 0.9935212153887051]	[0.009463032592833896, 0.00036970852994722776, 0.990167258877219]	[6.23036594876224e+28, 1.4605081048805196e+27, 9.778231116729658e+30]	[2.2283740598966167e+30, 8.705971260003826e+28, 2.3316658935654826e+32]	2	2	2	2
186	1.0	2.4553831054209434	1.1100665647183163	[0. 1. 0.]	1	[1.167439544384125e-05, 0.9997664282050708, 0.0002218973994853543]	[7.00567312031513e-06, 0.9999042186398414, 8.877568703848332e-05]	[1.4346584015866065e+26, 1.2286060659400614e+31, 2.7268818329245896e+27]	[1.6497100797525763e+27, 2.354594683405767e+32, 2.090507838849299e+28]	1	1	1	1
187	1.0	2.903460685477367	1.2813814252364373	[0. 1. 0.]	1	[1.055352850206253e-06, 0.999993204036793, 5.740610356755135e-06]	[1.337276805174528e-06, 0.9999882527500706, 1.0409973124271232e-05]	[3.2515157975800834e+25, 3.080954109104741e+31, 1.7686677265421915e+26]	[3.149046475660436e+26, 2.354792568628654e+32, 2.4513615320223745e+27]	1	1	1	1
188	0.0	-0.8036069913851549	0.5316090982471202	[0.319 0.009 0.673]	2	[0.44879365059062154, 0.0183511467212654, 0.532855202688113]	[0.27166709758040325, 0.011313674069504238, 0.7170192283500927]	[2.10197627139072e+31, 8.594968959597747e+29, 2.4956881423422527e+31]	[6.397271775582901e+31, 2.664166858909473e+30, 1.6884513851430647e+32]	2	2	2	2
189	2.0	-1.0950673270909648	5.411343155707145	[0.003 0.028 0.969]	2	[0.004139607355335791, 0.021901118211693733, 0.9739592744329705]	[0.006891227400961031, 0.021296968171205643, 0.9718118044278337]	[2.0476692952954854e+28, 1.0833454346078738e+29, 4.817719000701911e+30]	[1.6227601702206135e+30, 5.015053151470381e+30, 2.2884420980735394e+32]	2	2	2	2
190	2.0	-1.6142895740036345	0.8877621496609884	[0.28 0.   0.72]	2	[0.13451388141418683, 0.00022688144171644024, 0.8652592371440967]	[0.35817815553492, 0.00030618989792538704, 0.6415156545671549]	[3.041338009138033e+30, 5.12975423061036e+27, 1.956337723674204e+31]	[8.434451670599265e+31, 7.210221662514587e+28, 1.5106540420642712e+32]	2	2	2	2
191	0.0	-1.9537103434426724	-2.5246383095982528	[0.931 0.    0.069]	0	[0.8870018372489219, 2.0274072286527213e-06, 0.11299613534384934]	[0.9217172620806956, 3.5112582656010485e-06, 0.078279226661039]	[5.125213137045055e+30, 1.1714625298476137e+25, 6.5290651380815e+29]	[2.170478456277263e+32, 8.268382001123163e+26, 1.8433350663118537e+31]	0	0	0	0
192	1.0	2.967802288309952	4.2289752611933125	[0. 1. 0.]	1	[3.766783105385478e-08, 0.9999973218224277, 2.6405097412130098e-06]	[2.303767695377386e-08, 0.9999988753792, 1.101583123260994e-06]	[7.148166275265361e+22, 1.8976795135846407e+30, 5.010854661279182e+24]	[5.424958777268045e+24, 2.3548175830106362e+32, 2.5940302251031097e+26]	1	1	1	1
193	1.0	1.4730705829183424	-0.4230662071613067	[0.008 0.982 0.01 ]	1	[0.005483902279990542, 0.9906044120684492, 0.003911685651560339]	[0.005832148446523416, 0.9855806080077519, 0.008587243545724795]	[7.267256301275126e+27, 1.3127469798181372e+30, 5.183757978991269e+27]	[1.37336611537625e+30, 2.3208651553041955e+32, 2.022141483249108e+30]	1	1	1	1
194	2.0	-2.0569182041400813	2.437531420083008	[0.08  0.    0.919]	2	[0.13437194055756643, 0.00038561422840520057, 0.8652424452140284]	[0.06889199078107425, 0.00018661571509140975, 0.9309213935038344]	[4.803668300338066e+29, 1.3785339688205305e+27, 3.093158950399323e+30]	[1.6222825366514879e+31, 4.3944646137398615e+28, 2.1921525311639265e+32]	2	2	2	2
195	2.0	-1.9145046618876973	2.8146068789634366	[0.055 0.    0.945]	2	[0.03241810087644381, 0.0001800963393685627, 0.9674018027841875]	[0.02023816886198609, 9.326416238911567e-05, 0.9796685669756249]	[5.249074709828214e+29, 2.916084270066172e+27, 1.5663978456327574e+31]	[4.7657249480477275e+30, 2.1962033644824748e+28, 2.306943361473524e+32]	2	2	2	2
196	2.0	-1.8027320613814584	1.5464607934717771	[0.171 0.    0.829]	2	[0.08075295127822071, 0.00014407449503323557, 0.919102974226746]	[0.058443311737133984, 8.129917537228001e-05, 0.9414753890874938]	[7.449694437595209e+30, 1.3291290872460142e+28, 8.478992044617528e+31]	[1.3762349286221768e+31, 1.9144494295387517e+28, 2.217005293485278e+32]	2	2	2	2
197	2.0	-2.620985340568991	0.8340593964405809	[0.335 0.    0.665]	2	[0.2001305090142217, 3.499999526235295e-06, 0.7998659909862521]	[0.099047893803567, 1.7083315198424159e-06, 0.9009503978649133]	[6.74904576345867e+31, 1.1803126415356821e+27, 2.6974059099688884e+32]	[2.332399841953475e+31, 4.022813624676082e+26, 2.1215762242814773e+32]	2	2	2	2
198	2.0	-3.2938250392256387	4.399345934324449	[0.015 0.    0.985]	2	[0.010365136606482242, 1.3556616251069674e-06, 0.9896335077318927]	[0.005459288278236845, 7.681616385046244e-07, 0.9945399435601247]	[2.3922160257554963e+30, 3.128791822246191e+26, 2.284019233610779e+32]	[1.285564248603892e+30, 1.8088825672519097e+26, 2.3419627799218434e+32]	2	2	2	2
199	2.0	-0.5036862216582416	3.31295098936731	[0.022 0.118 0.86 ]	2	[0.009601923430883242, 0.05886338386483946, 0.9315346927042772]	[0.009601923430883242, 0.05886338386483946, 0.9315346927042772]	[2.261080355434566e+30, 1.3861268720713976e+31, 2.193596740528964e+32]	[2.261080355434566e+30, 1.3861268720713976e+31, 2.193596740528964e+32]	2	2	2	2
